Workbook

Sheet Dataset
A1: Product ID | B1: Product Name | C1: Brand Name | D1: Price ($) | E1: Quantity | F1: Category | G1: Manufacturing date | H1: Manufacturing date | I1: Country code | J1: Product brand
A2: 28-JAN-US | B2: Laptop | C2: Dell | D2: 1000 | E2: 30 | F2: Electronics | G2: =CONCATENATE(Sheet2!B2,Sheet2!C2) -> 28JAN | H2: =DATEVALUE(G2) -> 46050 | I2: US | J2: =CONCATENATE(C2," ",B2) -> Dell Laptop
A3: 15-FEB-US | B3: Sneakers | C3: Nike | D3: 80 | E3: 15 | F3: Fashion | G3: =CONCATENATE(Sheet2!B3,Sheet2!C3) -> 15FEB | H3: =DATEVALUE(G3) -> 46068 | I3: US | J3: =CONCATENATE(C3," ",B3) -> Nike Sneakers
A4: 03-MAR-US | B4: Coffee Maker | C4: Keurig | D4: 130 | E4: 40 | F4: Kitchen | G4: =CONCATENATE(Sheet2!B4,Sheet2!C4) -> 3MAR | H4: =DATEVALUE(G4) -> 46084 | I4: US | J4: =CONCATENATE(C4," ",B4) -> Keurig Coffee Maker
A5: 11-APR-US | B5: Smart Phone | C5: Samsung | D5: 900 | E5: 25 | F5: Electronics | G5: =CONCATENATE(Sheet2!B5,Sheet2!C5) -> 11APR | H5: =DATEVALUE(G5) -> 46123 | I5: US | J5: =CONCATENATE(C5," ",B5) -> Samsung Smart Phone
A6: 22-MAY-US | B6: Backpack | C6: North Face | D6: 70 | E6: 20 | G6: =CONCATENATE(Sheet2!B6,Sheet2!C6) -> 22MAY | H6: =DATEVALUE(G6) -> 46164 | I6: US | J6: =CONCATENATE(C6," ",B6) -> North Face Backpack
A7: 07-JUN-UK | B7: Headphones | C7: Sony | E7: 45 | F7: Electronics | G7: =CONCATENATE(Sheet2!B7,Sheet2!C7) -> 7JUN | H7: =DATEVALUE(G7) -> 46180 | I7: UK | J7: =CONCATENATE(C7," ",B7) -> Sony Headphones
A8: 19-JUL-UK | B8: T-shirt | C8: Adidas | D8: 30 | E8: 5 | F8: Fashion | G8: =CONCATENATE(Sheet2!B8,Sheet2!C8) -> 19JUL | H8: =DATEVALUE(G8) -> 46222 | I8: UK | J8: =CONCATENATE(C8," ",B8) -> Adidas T-shirt
A9: 23-AUG-UK | B9: Blender | C9: Ninja | D9: 90 | E9: 35 | F9: Kitchen | G9: =CONCATENATE(Sheet2!B9,Sheet2!C9) -> 23AUG | H9: =DATEVALUE(G9) -> 46257 | I9: UK | J9: =CONCATENATE(C9," ",B9) -> Ninja Blender
A10: 05-SEP-UK | B10: Tablet | C10: Apple | D10: 500 | E10: 50 | F10: Electronics | G10: =CONCATENATE(Sheet2!B10,Sheet2!C10) -> 5SEP | H10: =DATEVALUE(G10) -> 46270 | I10: UK | J10: =CONCATENATE(C10," ",B10) -> Apple Tablet
A11: 14-OCT-UK | B11: Hiking Boots | C11: Timberland | D11: 130 | E11: 10 | F11: Outdoor | G11: =CONCATENATE(Sheet2!B11,Sheet2!C11) -> 14OCT | H11: =DATEVALUE(G11) -> 46309 | I11: UK | J11: =CONCATENATE(C11," ",B11) -> Timberland Hiking Boots
A12: 17-JUN-IN | B12: Laptop | C12: HP | D12: 950 | E12: 25 | F12: Electronics | G12: =CONCATENATE(Sheet2!B12,Sheet2!C12) -> 17JUN | H12: =DATEVALUE(G12) -> 46190 | I12: IN | J12: =CONCATENATE(C12," ",B12) -> HP Laptop
A13: 25-NOV-AU | B13: Sneakers | C13: Adidas | D13: 90 | E13: 40 | G13: =CONCATENATE(Sheet2!B13,Sheet2!C13) -> 25NOV | H13: =DATEVALUE(G13) -> 46351 | I13: AU | J13: =CONCATENATE(C13," ",B13) -> Adidas Sneakers
A14: 08-DEC-DE | B14: Coffee Maker | C14: Nespresso | D14: 120 | E14: 35 | G14: =CONCATENATE(Sheet2!B14,Sheet2!C14) -> 8DEC | H14: =DATEVALUE(G14) -> 46364 | I14: DE | J14: =CONCATENATE(C14," ",B14) -> Nespresso Coffee Maker
A15: 18-FEB-CA | B15: Smartwatch | C15: Fitbit | D15: 150 | E15: 15 | F15: Electronics | G15: =CONCATENATE(Sheet2!B15,Sheet2!C15) -> 18FEB | H15: =DATEVALUE(G15) -> 46071 | I15: CA | J15: =CONCATENATE(C15," ",B15) -> Fitbit Smartwatch
A16: 16-APR-ES | B16: Headphones | C16: Bose | D16: 250 | E16: 20 | F16: Electronics | G16: =CONCATENATE(Sheet2!B16,Sheet2!C16) -> 16APR | H16: =DATEVALUE(G16) -> 46128 | I16: ES | J16: =CONCATENATE(C16," ",B16) -> Bose Headphones
A17: 21-AUG-CA | B17: Laptop Bag | C17: Samsonite | D17: 50 | E17: 35 | F17: Accessories | G17: =CONCATENATE(Sheet2!B17,Sheet2!C17) -> 21AUG | H17: =DATEVALUE(G17) -> 46255 | I17: CA | J17: =CONCATENATE(C17," ",B17) -> Samsonite Laptop Bag
A18: 20-AUG-CN | B18: Smartwatch | C18: Huawei | D18: 160 | E18: 15 | F18: Electronics | G18: =CONCATENATE(Sheet2!B18,Sheet2!C18) -> 20AUG | H18: =DATEVALUE(G18) -> 46254 | I18: CN | J18: =CONCATENATE(C18," ",B18) -> Huawei Smartwatch
A19: 27-JAN-IT | B19: Laptop | C19: Asus | D19: 980 | E19: 10 | F19: Electronics | G19: =CONCATENATE(Sheet2!B19,Sheet2!C19) -> 27JAN | H19: =DATEVALUE(G19) -> 46049 | I19: IT | J19: =CONCATENATE(C19," ",B19) -> Asus Laptop
A20: 01-MAR-UK | B20: Sunglasses | C20: Oakley | D20: 150 | E20: 15 | F20: Fashion | G20: =CONCATENATE(Sheet2!B20,Sheet2!C20) -> 1MAR | H20: =DATEVALUE(G20) -> 46082 | I20: UK | J20: =CONCATENATE(C20," ",B20) -> Oakley Sunglasses
A21: 14-AUG-US | B21: Camping Tent | C21: Coleman | E21: 10 | F21: Outdoor | G21: =CONCATENATE(Sheet2!B21,Sheet2!C21) -> 14AUG | H21: =DATEVALUE(G21) -> 46248 | I21: US | J21: =CONCATENATE(C21," ",B21) -> Coleman Camping Tent
A22: 14-MAY-RU | B22: Camera | C22: Nikon | D22: 700 | E22: 50 | F22: Electronics | G22: =CONCATENATE(Sheet2!B22,Sheet2!C22) -> 14MAY | H22: =DATEVALUE(G22) -> 46156 | I22: RU | J22: =CONCATENATE(C22," ",B22) -> Nikon Camera
A23: 09-JAN-CA | B23: Microwave | C23: Panasonic | D23: 80 | E23: 20 | F23: Kitchen | G23: =CONCATENATE(Sheet2!B23,Sheet2!C23) -> 9JAN | H23: =DATEVALUE(G23) -> 46031 | I23: CA | J23: =CONCATENATE(C23," ",B23) -> Panasonic Microwave
A24: 19-JUL-BR | B24: Fitness Tracker | C24: Xiaomi | D24: 150 | E24: 30 | G24: =CONCATENATE(Sheet2!B24,Sheet2!C24) -> 19JUL | H24: =DATEVALUE(G24) -> 46222 | I24: BR | J24: =CONCATENATE(C24," ",B24) -> Xiaomi Fitness Tracker
A25: 21-AUG-CA | B25: Laptop Bag | C25: Samsonite | D25: 50 | E25: 35 | F25: Accessories | G25: =CONCATENATE(Sheet2!B25,Sheet2!C25) -> 21AUG | H25: =DATEVALUE(G25) -> 46255 | I25: CA | J25: =CONCATENATE(C25," ",B25) -> Samsonite Laptop Bag
A26: 29-SEP-CA | B26: Smart Phone | C26: Google | D26: 800 | E26: 45 | F26: Electronics | G26: =CONCATENATE(Sheet2!B26,Sheet2!C26) -> 29SEP | H26: =DATEVALUE(G26) -> 46294 | I26: CA | J26: =CONCATENATE(C26," ",B26) -> Google Smart Phone
A27: 03-JUN-CA | B27: Sunglasses | C27: Ray-Ban | E27: 25 | F27: Fashion | G27: =CONCATENATE(Sheet2!B27,Sheet2!C27) -> 3JUN | H27: =DATEVALUE(G27) -> 46176 | I27: CA | J27: =CONCATENATE(C27," ",B27) -> Ray-Ban Sunglasses
A28: 11-JUL-CA | B28: Blender | C28: Vitamix | D28: 400 | E28: 40 | F28: Kitchen | G28: =CONCATENATE(Sheet2!B28,Sheet2!C28) -> 11JUL | H28: =DATEVALUE(G28) -> 46214 | I28: CA | J28: =CONCATENATE(C28," ",B28) -> Vitamix Blender
A29: 16-APR-ES | B29: Headphones | C29: Bose | D29: 250 | E29: 20 | F29: Electronics | G29: =CONCATENATE(Sheet2!B29,Sheet2!C29) -> 16APR | H29: =DATEVALUE(G29) -> 46128 | I29: ES | J29: =CONCATENATE(C29," ",B29) -> Bose Headphones
A30: 07-MAR-CA | B30: Dress | C30: Zara | D30: 60 | E30: 30 | F30: Fashion | G30: =CONCATENATE(Sheet2!B30,Sheet2!C30) -> 7MAR | H30: =DATEVALUE(G30) -> 46088 | I30: CA | J30: =CONCATENATE(C30," ",B30) -> Zara Dress
A31: 13-APR-CA | B31: Toaster | C31: Hamilton | D31: 40 | E31: 10 | F31: Kitchen | G31: =CONCATENATE(Sheet2!B31,Sheet2!C31) -> 13APR | H31: =DATEVALUE(G31) -> 46125 | I31: CA | J31: =CONCATENATE(C31," ",B31) -> Hamilton Toaster
A32: 24-MAY-CA | B32: Fitness Tracker | C32: Garmin | D32: 130 | E32: 5 | F32: Electronics | G32: =CONCATENATE(Sheet2!B32,Sheet2!C32) -> 24MAY | H32: =DATEVALUE(G32) -> 46166 | I32: CA | J32: =CONCATENATE(C32," ",B32) -> Garmin Fitness Tracker
A33: 02-DEC-CA | B33: Jeans | C33: Levi's | D33: 50 | E33: 50 | F33: Fashion | G33: =CONCATENATE(Sheet2!B33,Sheet2!C33) -> 2DEC | H33: =DATEVALUE(G33) -> 46358 | I33: CA | J33: =CONCATENATE(C33," ",B33) -> Levi's Jeans
A34: 17-JUN-IN | B34: Laptop | C34: HP | D34: 950 | E34: 25 | F34: Electronics | G34: =CONCATENATE(Sheet2!B34,Sheet2!C34) -> 17JUN | H34: =DATEVALUE(G34) -> 46190 | I34: IN | J34: =CONCATENATE(C34," ",B34) -> HP Laptop
A35: 09-JUL-FR | B35: Watch | C35: Casio | D35: 100 | E35: 20 | F35: Accessories | G35: =CONCATENATE(Sheet2!B35,Sheet2!C35) -> 9JUL | H35: =DATEVALUE(G35) -> 46212 | I35: FR | J35: =CONCATENATE(C35," ",B35) -> Casio Watch

Sheet Sheet2
B1: Product ID
A2: =CONCATENATE(B2," ",C2) -> 28 JAN | B2: 28 | C2: JAN | D2: US | E2: =DATEVALUE(A2) -> 46050
A3: =CONCATENATE(B3," ",C3) -> 15 FEB | B3: 15 | C3: FEB | D3: US
A4: =CONCATENATE(B4," ",C4) -> 3 MAR | B4: 3 | C4: MAR | D4: US
A5: =CONCATENATE(B5," ",C5) -> 11 APR | B5: 11 | C5: APR | D5: US
A6: =CONCATENATE(B6," ",C6) -> 22 MAY | B6: 22 | C6: MAY | D6: US
A7: =CONCATENATE(B7," ",C7) -> 7 JUN | B7: 7 | C7: JUN | D7: UK
A8: =CONCATENATE(B8," ",C8) -> 19 JUL | B8: 19 | C8: JUL | D8: UK
A9: =CONCATENATE(B9," ",C9) -> 23 AUG | B9: 23 | C9: AUG | D9: UK
A10: =CONCATENATE(B10," ",C10) -> 5 SEP | B10: 5 | C10: SEP | D10: UK
A11: =CONCATENATE(B11," ",C11) -> 14 OCT | B11: 14 | C11: OCT | D11: UK
A12: =CONCATENATE(B12," ",C12) -> 17 JUN | B12: 17 | C12: JUN | D12: IN
A13: =CONCATENATE(B13," ",C13) -> 25 NOV | B13: 25 | C13: NOV | D13: AU
A14: =CONCATENATE(B14," ",C14) -> 8 DEC | B14: 8 | C14: DEC | D14: DE
... A35: =CONCATENATE(B35," ",C35) -> 9 JUL | B35: 9 | C35: JUL | D35: FR
